-- Estrutura: nome,email,data_nascimento,idade,id
Renato,charlie.durgan@hotmail.com_0,2013-04-14 17:31:54,47,0
Horace,carl.casper@gmail.com_1,2013-04-14 17:31:54,47,1
Maxie,kelvin.prosacco@yahoo.com_2,2013-04-14 17:31:54,47,2
Blake,randa.cartwright@hotmail.com_3,2013-04-14 17:31:54,47,3
Randal,marc.berge@yahoo.com_4,2013-04-14 17:31:54,47,4
Cliff,kareem.streich@yahoo.com_5,2013-04-14 17:31:54,47,5
Filiberto,levi.abbott@yahoo.com_6,2013-04-14 17:31:54,47,6
Reynaldo,ola.gaylord@gmail.com_7,2013-04-14 17:31:54,47,7
Wiley,paul.torphy@hotmail.com_8,2013-04-14 17:31:54,47,8
Deana,augustine.ratke@yahoo.com_9,2013-04-14 17:31:54,47,9
Mikaela,cecilia.heidenreich@gmail.com_10,2013-04-14 17:31:54,47,10
Buddy,abraham.hodkiewicz@yahoo.com_11,2013-04-14 17:31:54,47,11
Douglas,geraldo.hermann@hotmail.com_12,2013-04-14 17:31:54,47,12
Carlton,hai.leannon@hotmail.com_13,2013-04-14 17:31:54,47,13
Elliott,jules.moore@yahoo.com_14,2013-04-14 17:31:54,47,14
Heriberto,lashon.bayer@hotmail.com_15,2013-04-14 17:31:54,47,15
Tyrone,mertie.kovacek@hotmail.com_16,2013-04-14 17:31:54,47,16
Nathan,kermit.schinner@yahoo.com_17,2013-04-14 17:31:54,47,17
Vance,jerry.reynolds@yahoo.com_18,2013-04-14 17:31:54,47,18
Keitha,edison.powlowski@yahoo.com_19,2013-04-14 17:31:54,47,19
Donya,eliseo.stamm@yahoo.com_20,2013-04-14 17:31:54,47,20
Dona,clinton.champlin@hotmail.com_21,2013-04-14 17:31:54,47,21
Maynard,kenisha.lebsack@yahoo.com_22,2013-04-14 17:31:54,47,22
Raymond,alma.hills@gmail.com_23,2013-04-14 17:31:54,47,23
Evette,gonzalo.hessel@hotmail.com_24,2013-04-14 17:31:54,47,24
Norberto,carroll.sanford@gmail.com_25,2013-04-14 17:31:54,47,25
Alysha,clemente.schmidt@hotmail.com_26,2013-04-14 17:31:54,47,26
Wade,maria.hodkiewicz@gmail.com_27,2013-04-14 17:31:54,47,27
Tegan,eugenio.jenkins@yahoo.com_28,2013-04-14 17:31:54,47,28
Kathrin,doris.mills@gmail.com_29,2013-04-14 17:31:54,47,29
Greg,wiley.senger@yahoo.com_30,2013-04-14 17:31:54,47,30
Robt,ludivina.feest@gmail.com_31,2013-04-14 17:31:54,47,31
Jamar,chung.kuvalis@gmail.com_32,2013-04-14 17:31:54,47,32
Carson,lois.volkman@hotmail.com_33,2013-04-14 17:31:54,47,33
Maribeth,kirby.hauck@hotmail.com_34,2013-04-14 17:31:54,47,34
Leia,tomi.kuvalis@gmail.com_35,2013-04-14 17:31:54,47,35
Sid,laurice.lueilwitz@hotmail.com_36,2013-04-14 17:31:54,47,36
Jackelyn,randolph.upton@hotmail.com_37,2013-04-14 17:31:54,47,37
Clifford,korey.haag@hotmail.com_38,2013-04-14 17:31:54,47,38
Keeley,fredric.smith@gmail.com_39,2013-04-14 17:31:54,47,39
Kendall,shakia.bechtelar@gmail.com_40,2013-04-14 17:31:54,47,40
Ruth,cherryl.yundt@yahoo.com_41,2013-04-14 17:31:54,47,41
Felicita,alysha.batz@gmail.com_42,2013-04-14 17:31:54,47,42
Casey,bettyann.rosenbaum@hotmail.com_43,2013-04-14 17:31:54,47,43
Hong,edmund.shields@yahoo.com_44,2013-04-14 17:31:54,47,44
Hiram,paz.crona@hotmail.com_45,2013-04-14 17:31:54,47,45
Shiela,jan.kerluke@hotmail.com_46,2013-04-14 17:31:54,47,46
Donetta,devin.kub@yahoo.com_47,2013-04-14 17:31:54,47,47
Neville,lonnie.watsica@gmail.com_48,2013-04-14 17:31:54,47,48
Granville,joanna.weber@yahoo.com_49,2013-04-14 17:31:54,47,49
Leroy,charline.damore@hotmail.com_50,2013-04-14 17:31:54,47,50
Darrick,cordia.okon@hotmail.com_51,2013-04-14 17:31:54,47,51
Edra,charlott.hilll@hotmail.com_52,2013-04-14 17:31:54,47,52
Gertie,glen.schamberger@hotmail.com_53,2013-04-14 17:31:54,47,53
Phylicia,domitila.padberg@gmail.com_54,2013-04-14 17:31:54,47,54
Katia,kelley.schuppe@gmail.com_55,2013-04-14 17:31:54,47,55
Laticia,alphonse.hirthe@yahoo.com_56,2013-04-14 17:31:54,47,56
Tracie,marg.huel@gmail.com_57,2013-04-14 17:31:54,47,57
Magaret,alesha.rutherford@hotmail.com_58,2013-04-14 17:31:54,47,58
Belinda,otha.willms@gmail.com_59,2013-04-14 17:31:54,47,59
Shelby,blake.schuster@hotmail.com_60,2013-04-14 17:31:54,47,60
Eloy,demetrius.bashirian@gmail.com_61,2013-04-14 17:31:54,47,61
Wilfredo,renaldo.gottlieb@yahoo.com_62,2013-04-14 17:31:54,47,62
Porter,kenton.morissette@gmail.com_63,2013-04-14 17:31:54,47,63
Jovan,katie.goodwin@yahoo.com_64,2013-04-14 17:31:54,47,64
Sheron,rebeca.smitham@hotmail.com_65,2013-04-14 17:31:54,47,65
Weston,lynnette.lesch@hotmail.com_66,2013-04-14 17:31:54,47,66
Sun,nydia.schamberger@hotmail.com_67,2013-04-14 17:31:54,47,67
Grant,julietta.runolfsson@hotmail.com_68,2013-04-14 17:31:54,47,68
Marilu,alec.stehr@gmail.com_69,2013-04-14 17:31:54,47,69
Frances,mercy.cruickshank@gmail.com_70,2013-04-14 17:31:54,47,70
Sandie,kiley.larkin@yahoo.com_71,2013-04-14 17:31:54,47,71
Manual,twyla.bruen@yahoo.com_72,2013-04-14 17:31:54,47,72
Samual,haydee.strosin@yahoo.com_73,2013-04-14 17:31:54,47,73
Keren,wilfred.cassin@gmail.com_74,2013-04-14 17:31:54,47,74
Arthur,helene.ullrich@gmail.com_75,2013-04-14 17:31:54,47,75
Hertha,albert.larson@yahoo.com_76,2013-04-14 17:31:54,47,76
Eloy,cuc.feil@hotmail.com_77,2013-04-14 17:31:54,47,77
Merle,myrtie.brakus@gmail.com_78,2013-04-14 17:31:54,47,78
Perry,cherish.botsford@yahoo.com_79,2013-04-14 17:31:54,47,79
Sheridan,weldon.keeling@yahoo.com_80,2013-04-14 17:31:54,47,80
Winona,maya.auer@hotmail.com_81,2013-04-14 17:31:54,47,81
Lyndsay,lakenya.volkman@gmail.com_82,2013-04-14 17:31:54,47,82
Glen,rex.beer@hotmail.com_83,2013-04-14 17:31:54,47,83
Dirk,marcy.reilly@hotmail.com_84,2013-04-14 17:31:54,47,84
Roosevelt,kirby.mueller@yahoo.com_85,2013-04-14 17:31:54,47,85
Antoinette,rene.ward@gmail.com_86,2013-04-14 17:31:54,47,86
Gaynell,arden.greenholt@hotmail.com_87,2013-04-14 17:31:54,47,87
Ernie,hilde.barton@gmail.com_88,2013-04-14 17:31:54,47,88
Errol,nathaniel.kihn@gmail.com_89,2013-04-14 17:31:54,47,89
Julio,herminia.wiegand@yahoo.com_90,2013-04-14 17:31:54,47,90
Annita,gerald.bogan@yahoo.com_91,2013-04-14 17:31:54,47,91
Malik,arianne.rippin@gmail.com_92,2013-04-14 17:31:54,47,92
Marty,garret.schmitt@gmail.com_93,2013-04-14 17:31:54,47,93
Duncan,max.dickens@gmail.com_94,2013-04-14 17:31:54,47,94
Maximo,asha.effertz@yahoo.com_95,2013-04-14 17:31:54,47,95
Elvin,edwardo.rau@yahoo.com_96,2013-04-14 17:31:54,47,96
Terry,heidy.keeling@yahoo.com_97,2013-04-14 17:31:54,47,97
Benjamin,mario.towne@yahoo.com_98,2013-04-14 17:31:54,47,98
Damian,zackary.okon@gmail.com_99,2013-04-14 17:31:54,47,99
Damon,gayle.trantow@hotmail.com_100,2013-04-14 17:31:54,47,100